,Song Rank,Song Title,Song Artist,Song Year
0,"
1
","
TiK ToK
","

Ke$ha

",2010
1,"
2
","
Need You Now
","

Lady Antebellum

",2010
2,"
3
","
Hey, Soul Sister
","

Train

",2010
3,"
4
","
California Gurls
","
Katy Perry Featuring Snoop Dogg
",2010
4,"
5
","
OMG
","
Usher Featuring will.i.am
",2010
5,"
6
","
Airplanes
","
B.o.B Featuring Hayley Williams
",2010
6,"
7
","
Love The Way You Lie
","

Eminem Featuring Rihanna

",2010
7,"
8
","
Bad Romance
","

Lady Gaga

",2010
8,"
9
","
Dynamite
","

Taio Cruz

",2010
9,"
10
","
Break Your Heart
","
Taio Cruz Featuring Ludacris
",2010
10,"
11
","
 Nothin' On You
","
B.o.B Featuring Bruno Mars
",2010
11,"
12
","
I Like It
","
Enrique Iglesias Featuring Pitbull
",2010
12,"
13
","
BedRock
","
Young Money Featuring Lloyd
",2010
13,"
14
","
In My Head
","

Jason Derulo

",2010
14,"
15
","
Rude Boy
","

Rihanna

",2010
15,"
16
","
Telephone
","
Lady Gaga Featuring Beyonce
",2010
16,"
17
","
Teenage Dream
","

Katy Perry

",2010
17,"
18
","
Just The Way You Are
","

Bruno Mars

",2010
18,"
19
","
Cooler Than Me
","

Mike Posner

",2010
19,"
20
","
Imma Be
","

The Black Eyed Peas

",2010
20,"
21
","
Empire State Of Mind
","
Jay-Z + Alicia Keys
",2010
21,"
22
","
DJ Got Us Fallin' In Love
 ","
Usher Featuring Pitbull
",2010
22,"
23
","
Billionaire
","
Travie McCoy Featuring Bruno Mars
",2010
23,"
24
","
Not Afraid
","

Eminem

",2010
24,"
25
","
Replay
","

Iyaz

",2010
25,"
26
","
Sexy Chick
","
David Guetta Featuring Akon
",2010
26,"
27
","
Breakeven
","

The Script

",2010
27,"
28
","
Your Love Is My Drug
","

Ke$ha

",2010
28,"
29
","
I Gotta Feeling
","

The Black Eyed Peas

",2010
29,"
30
","
Fireflies
 ","

Owl City

",2010
30,"
31
","
Say Aah
","
Trey Songz Featuring Fabolous
",2010
31,"
32
","
Find Your Love
","

Drake

",2010
32,"
33
","
Alejandro
","

Lady Gaga

",2010
33,"
34
","
Ridin' Solo
","

Jason Derulo

",2010
34,"
35
","
Just A Dream
","

Nelly

",2010
35,"
36
","
How Low
","

Ludacris

",2010
36,"
37
","
Like A G6
","
Far*East Movement Featuring Cataracs & Dev
",2010
37,"
38
","
Carry Out
","
Timbaland Featuring Justin Timberlake
",2010
38,"
39
","
Haven't Met You Yet
","

Michael Buble

",2010
39,"
40
","
Club Can't Handle Me
","
Flo Rida Featuring David Guetta
",2010
40,"
41
","
Down
","
Jay Sean Featuring Lil Wayne
",2010
41,"
42
","
Bulletproof
","

La Roux

",2010
42,"
43
","
Whatcha Say
","

Jason Derulo

",2010
43,"
44
","
Baby
","
Justin Bieber Featuring Ludacris
",2010
44,"
45
","
Whataya Want From Me
","

Adam Lambert

",2010
45,"
46
","
Mine
","

Taylor Swift

",2010
46,"
47
","
Only Girl (In The World)
","

Rihanna

",2010
47,"
48
","
Live Like We're Dying
","

Kris Allen

",2010
48,"
49
","
Hard
","
Rihanna Featuring Jeezy
",2010
49,"
50
","
Young Forever
","
Jay-Z + Mr. Hudson
",2010
50,"
51
","
Blah Blah Blah
","
Ke$ha Featuring 3OH!3
",2010
51,"
52
","
Bottoms Up
","
Trey Songz Featuring Nicki Minaj
",2010
52,"
53
","
Do You Remember
","
Jay Sean Featuring Sean Paul & Lil Jon
",2010
53,"
54
","
All The Right Moves
","

OneRepublic

",2010
54,"
55
","
According To You
","

Orianthi

",2010
55,"
56
","
My Chick Bad
","
Ludacris Featuring Nicki Minaj
",2010
56,"
57
","
You Belong With Me
","

Taylor Swift

",2010
57,"
58
","
Meet Me Halfway
","

The Black Eyed Peas

",2010
58,"
59
","
Take It Off
","

 Ke$ha

",2010
59,"
60
","
Over
","

Drake

",2010
60,"
61
","
Animal
","

Neon Trees

",2010
61,"
62
","
Misery
","

Maroon 5

",2010
62,"
63
","
Magic
","
B.o.B Featuring Rivers Cuomo
",2010
63,"
64
","
Paparazzi
","

Lady Gaga

",2010
64,"
65
","
Tie Me Down
","
New Boyz Featuring Ray J
",2010
65,"
66
","
Your Love
","

Nicki Minaj

",2010
66,"
67
","
Party In The U.S.A.
","

Miley Cyrus

",2010
67,"
68
","
Deuces
","
Chris Brown Featuring Tyga & Kevin McCall
",2010
68,"
69
","
3
","

Britney Spears

",2010
69,"
70
","
Impossible
","

Shontelle

",2010
70,"
71
","
Forever
","
Drake Featuring Kanye West, Lil Wayne & Eminem
",2010
71,"
72
","
Two Is Better Than One
","
Boys Like Girls Featuring Taylor Swift
",2010
72,"
73
","
My First Kiss
","
3OH!3 Featuring Ke$ha
",2010
73,"
74
","
Already Gone
","

Kelly Clarkson

",2010
74,"
75
","
Rock That Body
","

The Black Eyed Peas

",2010
75,"
76
","
Secrets
","

OneRepublic

",2010
76,"
77
","
Naturally
","
Selena Gomez & The Scene
",2010
77,"
78
","
 Un-Thinkable (I'm Ready)
","

Alicia Keys

",2010
78,"
79
","
All I Do Is Win
","
DJ Khaled Featuring T-Pain, Ludacris, Snoop Dogg & Rick Ross
",2010
79,"
80
","
I Made It (Cash Money Heroes)
","
Kevin Rudolf Featuring Birdman, Jay Sean, & Lil Wayne
",2010
80,"
81
","
Stuck Like Glue
","

Sugarland

",2010
81,"
82
","
Hey Daddy (Daddy's Home)
","
Usher Featuring Plies
",2010
82,"
83
","
There Goes My Baby
","

Usher

",2010
83,"
84
","
Today Was A Fairytale
","

Taylor Swift

",2010
84,"
85
","
Say Something
","
Timbaland Featuring Drake
",2010
85,"
86
","
Sweet Dreams
","

 Beyonce

",2010
86,"
87
","
Use Somebody
","

Kings Of Leon

",2010
87,"
88
","
Undo It
","

Carrie Underwood

",2010
88,"
89
","
Eenie Meenie
","
Sean Kingston & Justin Bieber
",2010
89,"
90
","
Right Above It
","
Lil Wayne Featuring Drake
",2010
90,"
91
","
The House That Built Me
","

Miranda Lambert

",2010
91,"
92
","
If I Die Young
","

The Band Perry

",2010
92,"
93
","
The Only Exception
","

Paramore

",2010
93,"
94
","
American Honey
","

Lady Antebellum

",2010
94,"
95
","
King Of Anything
","

Sara Bareilles

",2010
95,"
96
","
Life After You
","

Daughtry

",2010
96,"
97
","
Smile
","

Uncle Kracker

",2010
97,"
98
","
Teach Me How To Dougie
","

Cali Swag District

",2010
98,"
99
","
Try Sleeping With A Broken Heart
","

Alicia Keys

",2010
99,"
100
","
Lover, Lover
","

Jerrod Niemann

",2010
100,"
1
","
Rolling In The Deep
","

Adele

",2011
101,"
2
","
Party Rock Anthem
","
LMFAO Featuring Lauren Bennett & GoonRock
",2011
102,"
3
","
Firework
","

Katy Perry

",2011
103,"
4
","
E.T.
","
Katy Perry Featuring Kanye West
",2011
104,"
5
","
Give Me Everything
","
Pitbull Featuring Ne-Yo, Afrojack & Nayer
",2011
105,"
6
","
Grenade
","

Bruno Mars

",2011
106,"
8
","
Super Bass
","

Nicki Minaj

",2011
107,"
9
","
Moves Like Jagger
","
Maroon 5 Featuring Christina Aguilera
",2011
108,"
10
","
Just Can't Get Enough
","

The Black Eyed Peas

",2011
109,"
11
","
On The Floor
","
Jennifer Lopez Featuring Pitbull
",2011
110,"
12
","
S&M
","

Rihanna

",2011
111,"
13
","
Pumped Up Kicks
","

Foster The People

",2011
112,"
14
","
Last Friday Night (T.G.I.F.)
","

Katy Perry

",2011
113,"
15
","
Just The Way You Are
","

Bruno Mars

",2011
114,"
16
","
Tonight (I'm Lovin' You)
","
Enrique Iglesias Featuring Ludacris & DJ Frank E
",2011
115,"
17
","
Raise Your Glass
","

P!nk

",2011
116,"
18
","
Born This Way
","

Lady Gaga

",2011
117,"
19
","
F**kin' Perfect
","

P!nk

",2011
118,"
20
","
What's My Name?
","
Rihanna Featuring Drake
",2011
119,"
21
","
Look At Me Now
","
Chris Brown Featuring Lil Wayne & Busta Rhymes
",2011
120,"
22
","
Down On Me
","
Jeremih Featuring 50 Cent
",2011
121,"
23
","
How To Love
","

Lil Wayne

",2011
122,"
24
","
Someone Like You
","

Adele

",2011
123,"
25
","
Good Life
","

OneRepublic

",2011
124,"
26
","
The Lazy Song
","

Bruno Mars

",2011
125,"
27
","
Till The World Ends
","

Britney Spears

",2011
126,"
28
","
The Show Goes On
","

Lupe Fiasco

",2011
127,"
29
","
The Edge Of Glory
","

Lady Gaga

",2011
128,"
30
","
We R Who We R
","

Ke$ha

",2011
129,"
31
","
Black And Yellow
","

Wiz Khalifa

",2011
130,"
32
","
Tonight Tonight
","

Hot Chelle Rae

",2011
131,"
33
","
Blow
","

Ke$ha

",2011
132,"
34
","
Lighters
","
Bad Meets Evil Featuring Bruno Mars
",2011
133,"
35
","
If I Die Young
","

The Band Perry

",2011
134,"
36
","
Stereo Hearts
","
Gym Class Heroes Featuring Adam Levine
",2011
135,"
37
","
The Time (Dirty Bit)
","

The Black Eyed Peas

",2011
136,"
38
","
Coming Home
","
Diddy - Dirty Money Featuring Skylar Grey
",2011
137,"
39
","
Hey Baby (Drop It To The Floor)
","
Pitbull Featuring T-Pain
",2011
138,"
40
","
Only Girl (In The World)
","

Rihanna

",2011
139,"
41
","
6 Foot 7 Foot
","
Lil Wayne Featuring Cory Gunz
",2011
140,"
42
","
Just A Kiss
","

Lady Antebellum

",2011
141,"
43
","
Dirt Road Anthem
","

Jason Aldean

",2011
142,"
 44
","
Dynamite
","

Taio Cruz

",2011
143,"
45
","
No Hands
","
Waka Flocka Flame Featuring Roscoe Dash & Wale
",2011
144,"
46
","
I Wanna Go
","

Britney Spears

",2011
145,"
47
","
I'm On One
","
DJ Khaled Featuring Drake, Rick Ross & Lil Wayne
",2011
146,"
48
","
You Make Me Feel...
","
Cobra Starship Featuring Sabi
",2011
147,"
49
","
Yeah 3X
","

Chris Brown

",2011
148,"
50
","
Moment 4 Life
","
Nicki Minaj Featuring Drake
",2011
149,"
51
","
I Need A Doctor
","
Dr. Dre Featuring Eminem & Skylar Grey
",2011
150,"
52
","
Just A Dream
","

Nelly

",2011
151,"
53
","
Motivation
","
Kelly Rowland Featuring Lil Wayne
",2011
152,"
54
","
Stereo Love
","
Edward Maya & Vika Jigulina
",2011
153,"
55
","
Jar Of Hearts
","

Christina Perri

",2011
154,"
56
","
Roll Up
","

Wiz Khalifa

",2011
155,"
57
","
Sexy And I Know It
","

LMFAO

",2011
156,"
58
","
Rocketeer
","
Far*East Movement Featuring Ryan Tedder
",2011
157,"
59
","
All Of The Lights
","

Kanye West

",2011
158,"
60
","
Hold It Against Me
","

Britney Spears

",2011
159,"
61
","
More
","

Usher

",2011
160,"
62
","
What The Hell
","

Avril Lavigne

",2011
161,"
63
","
Written In The Stars
","
Tinie Tempah Featuring Eric Turner
",2011
162,"
64
","
Bottoms Up
","
Trey Songz Featuring Nicki Minaj
",2011
163,"
65
","
DJ Got Us Fallin' In Love
","
Usher Featuring Pitbull
",2011
164,"
66
","
For The First Time
","

The Script

",2011
165,"
67
","
Honey Bee
","

Blake Shelton

",2011
166,"
68
","
Don't You Wanna Stay
","
Jason Aldean With Kelly Clarkson
",2011
167,"
69
","
We Found Love
","
Rihanna Featuring Calvin Harris
",2011
168,"
70
","
Pretty Girl Rock
","

Keri Hilson

",2011
169,"
71
","
You And I
","

Lady Gaga

",2011
170,"
72
","
Like A G6
","
Far*East Movement Featuring Cataracs & Dev
",2011
171,"
73
","
Without You
","
David Guetta Featuring Usher
",2011
172,"
74
","
Back To December
","

Taylor Swift

",2011
173,"
75
","
Teenage Dream
","

Katy Perry

",2011
174,"
76
 ","
Crazy Girl
","

Eli Young Band

",2011
175,"
77
","
Cheers (Drink To That)
","

Rihanna

",2011
176,"
78
","
Who Says
","
Selena Gomez & The Scene
",2011
177,"
79
","
Barefoot Blue Jean Night
","

Jake Owen

",2011
178,"
80
","
Knee Deep
","
Zac Brown Band Featuring Jimmy Buffett
",2011
179,"
81
","
Country Girl (Shake It For Me)
","

Luke Bryan

",2011
180,"
82
","
Remind Me
 ","
Brad Paisley Duet With Carrie Underwood
",2011
181,"
83
","
In The Dark
","

Dev

",2011
182,"
84
","
Backseat
","
New Boyz Featuring The Cataracs & Dev
",2011
183,"
85
","
Headlines
","

Drake

",2011
184,"
86
","
Best Thing I Never Had
","

Beyonce

",2011
185,"
87
","
Don't Wanna Go Home
","

Jason Derulo

",2011
186,"
88
","
Where Them Girls At
","
David Guetta Featuring Flo Rida & Nicki Minaj
",2011
187,"
89
","
She Ain't You
","

Chris Brown

",2011
188,"
90
","
Take A Back Road
","

Rodney Atkins

",2011
189,"
91
","
Please Don't Go
","

Mike Posner

",2011
190,"
92
","
Sure Thing
","

Miguel

",2011
191,"
93
","
Price Tag
","
Jessie J Featuring B.o.B
",2011
192,"
94
","
God Gave Me You
","

Blake Shelton

",2011
193,"
95
","
She Will
","
Lil Wayne Featuring Drake
",2011
194,"
96
","
Are You Gonna Kiss Me Or Not
","

Thompson Square

",2011
195,"
97
","
Animal
","

Neon Trees

",2011
196,"
98
","
You And Tequila
","
Kenny Chesney Featuring Grace Potter
",2011
197,"
99
","
Colder Weather
","

Zac Brown Band

",2011
198,"
100
","
My Last
","
Big Sean Featuring Chris Brown
",2011
199,"
1
","
Somebody That I Used To Know
","
Gotye Featuring Kimbra
",2012
200,"
2
","
Call Me Maybe
","

Carly Rae Jepsen

",2012
201,"
3
","
We Are Young
","
fun. Featuring Janelle Monae
",2012
202,"
4
","
Payphone
","
Maroon 5 Featuring Wiz Khalifa
",2012
203,"
5
","
Lights
","

Ellie Goulding

",2012
204,"
6
","
Glad You Came
","

The Wanted

",2012
205,"
7
","
Stronger (What Doesn't Kill You)
","

Kelly Clarkson

",2012
206,"
8
","
We Found Love
","
Rihanna Featuring Calvin Harris
",2012
207,"
9
","
Starships
","

Nicki Minaj

",2012
208,"
10
","
What Makes You Beautiful
","

One Direction

",2012
209,"
11
","
Wild Ones
","
Flo Rida Featuring Sia
",2012
210,"
12
","
Set Fire To The Rain
","

Adele

",2012
211,"
13
","
Sexy And I Know It
","

LMFAO

",2012
212,"
14
","
 Some Nights
","

fun.

",2012
213,"
15
","
Wide Awake
","

Katy Perry

",2012
214,"
16
","
Good Feeling
","

Flo Rida

",2012
215,"
17
","
Whistle
","

Flo Rida

",2012
216,"
18
","
One More Night
","

Maroon 5

",2012
217,"
19
","
Drive By
","

Train

",2012
218,"
20
","
The Motto
","
Drake Featuring Lil Wayne
",2012
219,"
21
","
Where Have You Been
","

Rihanna

",2012
220,"
22
","
Everybody Talks
","

Neon Trees

",2012
221,"
23
","
Take Care
","
 Drake Featuring Rihanna
",2012
222,"
24
","
Titanium
","
David Guetta Featuring Sia
",2012
223,"
25
","
I Won't Give Up
","

Jason Mraz

",2012
224,"
26
","
It Will Rain
","

Bruno Mars

",2012
225,"
27
","
Mercy
","
Kanye West, Big Sean, Pusha T, 2 Chainz
",2012
226,"
28
","
Boyfriend
","

Justin Bieber

",2012
227,"
29
","
Party Rock Anthem
","
LMFAO Featuring Lauren Bennett & GoonRock
",2012
228,"
30
","
Too Close
","

Alex Clare

",2012
229,"
31
","
Part Of Me
","

Katy Perry

",2012
230,"
32
","
Young, Wild & Free
","
Snoop Dogg & Wiz Khalifa Featuring Bruno Mars
",2012
231,"
33
","
We Are Never Ever Getting Back Together
","

Taylor Swift

",2012
232,"
34
","
As Long As You Love Me
","
Justin Bieber Featuring Big Sean
",2012
233,"
35
","
Turn Me On
","
David Guetta Featuring Nicki Minaj
",2012
234,"
36
","
Moves Like Jagger
","
Maroon 5 Featuring Christina Aguilera
",2012
235,"
37
","
Blow Me (One Last Kiss)
","

P!nk

",2012
236,"
38
","
Good Time
","
Owl City & Carly Rae Jepsen
",2012
237,"
39
","
Give Your Heart A Break
","

Demi Lovato

",2012
238,"
40
","
Ni**as in Paris
","
Jay Z Kanye West
",2012
239,"
41
","
The One That Got Away
","

Katy Perry

",2012
240,"
42
","
Feel So Close
","

Calvin Harris

",2012
241,"
43
","
Someone Like You
","

Adele

",2012
242,"
44
","
Scream
","

Usher

",2012
243,"
45
","
Rack City
","

Tyga

",2012
244,"
46
","
Domino
","

Jessie J

",2012
245,"
47
","
 Gangnam Style
","

PSY

",2012
246,"
48
","
International Love
","
Pitbull Featuring Chris Brown
",2012
247,"
49
","
Home
","

Phillip Phillips

",2012
248,"
50
","
Without You
","
David Guetta Featuring Usher
",2012
249,"
51
","
Ass Back Home
","
Gym Class Heroes Featuring Neon Hitch
",2012
250,"
52
","
Wanted
","

Hunter Hayes

",2012
251,"
53
","
Drunk On You
","

Luke Bryan

",2012
252,"
54
","
No Lie
","
2 Chainz Featuring Drake
",2012
253,"
55
","
Want U Back
","

Cher Lloyd

",2012
254,"
56
","
Don't Wake Me Up
","

Chris Brown

",2012
255,"
57
","
Dance (A$$)
","
Big Sean Featuring Nicki Minaj
",2012
256,"
58
","
Springsteen
","

Eric Church

",2012
257,"
59
","
Brokenhearted
","

Karmin

",2012
258,"
60
","
Not Over You
","

Gavin DeGraw

",2012
259,"
61
","
Stereo Hearts
","
Gym Class Heroes Featuring Adam Levine
",2012
260,"
62
","
Back In Time
","

Pitbull

",2012
261,"
63
","
Work Out
","

J. Cole

",2012
262,"
64
","
Rumour Has It
","

Adele

",2012
263,"
65
","
Let's Go
","
Calvin Harris Featuring Ne-Yo
",2012
264,"
66
","
Good Girl
","

Carrie Underwood

",2012
265,"
67
","
Pontoon
","

Little Big Town

",2012
266,"
68
","
Ho Hey
","

The Lumineers

",2012
267,"
69
","
Paradise
","

Coldplay

",2012
268,"
70
","
Blown Away
","

Carrie Underwood

",2012
269,"
71
","
Rolling In The Deep
","

Adele

",2012
270,"
72
","
Climax
","

Usher

",2012
271,"
73
","
Work Hard, Play Hard
","

Wiz Khalifa

",2012
272,"
74
","
Let Me Love You (Until You Learn To Love Yourself)
","

Ne-Yo

",2012
273,"
75
","
Pound The Alarm
","

Nicki Minaj

",2012
274,"
76
","
Come Over
","

Kenny Chesney

",2012
275,"
77
","
Heart Attack
","

Trey Songz

",2012
276,"
78
","
Drank In My Cup
","

Kirko Bangz

",2012
277,"
79
","
Birthday Cake
","
Rihanna Featuring Chris Brown
",2012
278,"
80
","
So Good
","

B.o.B

",2012
279,"
81
","
50 Ways To Say Goodbye
","

Train

",2012
280,"
82
","
Red Solo Cup
","

Toby Keith

",2012
281,"
83
","
Love You Like A Love Song
","
Selena Gomez & The Scene
",2012
282,"
84
","
Turn Up The Music
","

Chris Brown

",2012
283,"
 85
","
Die Young
","

Ke$ha

",2012
284,"
86
","
5 O'Clock
","
T-Pain Featuring Wiz Khalifa & Lily Allen
",2012
285,"
87
","
A Thousand Years
","

Christina Perri

",2012
286,"
88
","
Take A Little Ride
","

Jason Aldean

",2012
287,"
89
","
You Da One
","

Rihanna

",2012
288,"
90
","
We Run The Night
","
Havana Brown Featuring Pitbull
",2012
289,"
91
","
It's Time
","

Imagine Dragons

",2012
290,"
92
","
Cashin' Out
","

Ca$h Out

",2012
291,"
93
","
I Don't Want This Night To End
","

Luke Bryan

",2012
292,"
94
","
Diamonds
","

Rihanna

",2012
293,"
95
","
Hard To Love
","

Lee Brice

",2012
294,"
96
","
Somethin' 'Bout A Truck
","

Kip Moore

",2012
295,"
97
","
Adorn
","

Miguel

",2012
296,"
98
","
Fly Over States
","

Jason Aldean

",2012
297,"
99
","
Even If It Breaks Your Heart
","

Eli Young Band

",2012
298,"
100
","
Burn It Down
","

Linkin Park

",2012
299,"
1
","
Thrift Shop
","
Macklemore & Ryan Lewis Featuring Wanz
",2013
300,"
2
","
Blurred Lines
","
Robin Thicke Featuring T.I. + Pharrell
",2013
301,"
3
","
Radioactive
","

Imagine Dragons

",2013
302,"
4
","
Harlem Shake
","

Baauer

",2013
303,"
5
","
Can't Hold Us
","
Macklemore & Ryan Lewis Featuring Ray Dalton
",2013
304,"
6
","
Mirrors
","

Justin Timberlake

",2013
305,"
7
","
Just Give Me A Reason
","
P!nk Featuring Nate Ruess
",2013
306,"
8
","
When I Was Your Man
","

Bruno Mars

",2013
307,"
9
","
Cruise
","
Florida Georgia Line Featuring Nelly
",2013
308,"
10
","
Roar
","

Katy Perry

",2013
309,"
11
","
Locked Out Of Heaven
","

Bruno Mars

",2013
310,"
12
","
Ho Hey
","

The Lumineers

",2013
311,"
13
","
Stay
","
Rihanna Featuring Mikky Ekko
",2013
312,"
14
","
Get Lucky
","
Daft Punk Featuring Pharrell Williams
",2013
313,"
15
","
Royals
","

Lorde

",2013
314,"
16
","
I Knew You Were Trouble.
","

Taylor Swift

",2013
315,"
17
","
We Can't Stop
","

Miley Cyrus

",2013
316,"
18
","
Wrecking Ball
","

Miley Cyrus

",2013
317,"
19
","
Wake Me Up!
","

Avicii

",2013
318,"
20
","
Suit & Tie
","
Justin Timberlake Featuring JAY Z
",2013
319,"
21
","
Cups (Pitch Perfect's When I'm Gone)
","
Anna Kendrick
",2013
320,"
22
","
Holy Grail
","
Jay Z Featuring Justin Timberlake
",2013
321,"
23
","
Scream & Shout
","
will.i.am & Britney Spears
",2013
322,"
24
","
Clarity
","
Zedd Featuring Foxes
",2013
323,"
25
","
Sail
","

AWOLNATION

",2013
324,"
26
","
Don't You Worry Child
","
Swedish House Mafia Featuring John Martin
",2013
325,"
27
","
Diamonds
","

Rihanna

",2013
326,"
28
","
I Love It
","
Icona Pop Featuring Charli XCX
",2013
327,"
29
","
Safe And Sound
","

Capital Cities

",2013
328,"
30
","
Treasure
","

Bruno Mars

",2013
329,"
31
","
The Way
","
Ariana Grande Featuring Mac Miller
",2013
330,"
32
","
Started From The Bottom
","

Drake

",2013
331,"
33
","
Come & Get It
","

Selena Gomez

",2013
332,"
34
","
Hold On, We're Going Home
","
Drake Featuring Majid Jordan
",2013
333,"
35
","
Daylight
","

Maroon 5

",2013
334,"
36
","
Feel This Moment
","
Pitbull Featuring Christina Aguilera
",2013
335,"
37
","
Applause
","

Lady Gaga

",2013
336,"
38
","
One More Night
","

Maroon 5

",2013
337,"
39
","
Love Me
","
Lil Wayne Featuring Drake & Future
",2013
338,"
40
","
My Songs Know What You Did In The Dark (Light Em Up)
","

Fall Out Boy

",2013
339,"
41
","
F**kin Problems
","
A$AP Rocky Featuring Drake, 2 Chainz & Kendrick Lamar
",2013
340,"
42
","
Beauty And A Beat
","
Justin Bieber Featuring Nicki Minaj
",2013
341,"
43
","
Same Love
","
Macklemore & Ryan Lewis Featuring Mary Lambert
",2013
342,"
44
","
Sweet Nothing
","
Calvin Harris Featuring Florence Welch
",2013
343,"
45
","
Summertime Sadness
","
Lana Del Rey & Cedric Gervais
",2013
344,"
46
","
Home
","

Phillip Phillips

",2013
345,"
47
","
It's Time
","

Imagine Dragons

",2013
346,"
48
","
Power Trip
","
 J. Cole Featuring Miguel
",2013
347,"
49
","
Girl On Fire
","
Alicia Keys Featuring Nicki Minaj
",2013
348,"
50
","
Heart Attack
","

Demi Lovato

",2013
349,"
51
","
Love Somebody
","

Maroon 5

",2013
350,"
52
","
I Will Wait
","

Mumford & Sons

",2013
351,"
53
","
Try
","

P!nk

",2013
352,"
54
","
Wagon Wheel
","

Darius Rucker

",2013
353,"
55
","
Gangnam Style
","

PSY

",2013
354,"
56
","
I Need Your Love
","
Calvin Harris Featuring Ellie Goulding
",2013
355,"
57
","
Die Young
","

Ke$ha

",2013
356,"
58
","
Some Nights
","

fun.

",2013
357,"
59
","
Bad
","
Wale Featuring Tiara Thomas Or Rihanna
",2013
358,"
60
","
Boys 'round Here
","
Blake Shelton Featuring Pistol Annies & Friends
",2013
359,"
61
","
Gone, Gone, Gone
","

Phillip Phillips

",2013
360,"
62
","
Demons
","

Imagine Dragons

",2013
361,"
63
","
Counting Stars
","

OneRepublic

",2013
362,"
64
","
I Cry
","

Flo Rida

",2013
363,"
65
","
Little Talks
","

Of Monsters And Men

",2013
364,"
66
","
The Other Side
","

Jason Derulo

",2013
365,"
67
","
Berzerk
","

Eminem

",2013
366,"
68
","
Catch My Breath
","

Kelly Clarkson

",2013
367,"
69
","
Crash My Party
","

Luke Bryan

",2013
368,"
70
","
Pour It Up
","

Rihanna

",2013
369,"
71
","
22
","

Taylor Swift

",2013
370,"
72
","
I Want Crazy
","

Hunter Hayes

",2013
371,"
73
","
The Fox
","
Ylvis
",2013
372,"
74
","
Best Song Ever
","

One Direction

",2013
373,"
75
","
The A Team
","

Ed Sheeran

",2013
374,"
76
","
Carry On
","

fun.

",2013
375,"
77
","
Highway Don't Care
","
Tim McGraw With Taylor Swift
",2013
376,"
78
","
That's My Kind Of Night
","

Luke Bryan

",2013
377,"
79
","
Swimming Pools (Drank)
","

Kendrick Lamar

",2013
378,"
80
","
Sure Be Cool If You Did
","

Blake Shelton

",2013
379,"
81
","
#Beautiful
","
Mariah Carey Featuring Miguel
",2013
380,"
82
","
Troublemaker
","
Olly Murs Featuring Flo Rida
",2013
381,"
83
","
Body Party
","

Ciara

",2013
382,"
84
","
Adorn
","

Miguel

",2013
383,"
85
","
Hall Of Fame
","
The Script Featuring will.i.am
",2013
384,"
86
","
Let Me Love You (Until You Learn To Love Yourself)
","

Ne-Yo

",2013
385,"
87
","
U.O.E.N.O.
","
Rocko Featuring Future & Rick Ross
",2013
386,"
88
","
Next To Me
","

Emeli Sande

",2013
387,"
89
","
Mama's Broken Heart
","

Miranda Lambert

",2013
388,"
90
","
It Goes Like This
","

Thomas Rhett

",2013
389,"
91
","
Bugatti
","
Ace Hood Featuring Future & Rick Ross
",2013
390,"
92
","
Wanted
","

Hunter Hayes

",2013
391,"
93
","
Downtown
","

Lady Antebellum

",2013
392,"
94
","
Get Your Shine On
","

Florida Georgia Line

",2013
393,"
95
","
#thatPOWER
","
will.i.am Featuring Justin Bieber
",2013
394,"
96
","
Brave
","

Sara Bareilles

",2013
395,"
97
","
Let Her Go
","

Passenger

",2013
396,"
98
","
Runnin' Outta Moonlight
","

Randy Houser

",2013
397,"
99
","
I'm Different
","

2 Chainz

",2013
398,"
100
","
Still Into You
","

Paramore

",2013
399,"
1
","
Happy
","

Pharrell Williams

",2014
400,"
2
","
Dark Horse
","
Katy Perry Featuring Juicy J
",2014
401,"
3
","
All Of Me
","

John Legend

",2014
402,"
4
","
Fancy
","
Iggy Azalea Featuring Charli XCX
",2014
403,"
5
","
Counting Stars
","

OneRepublic

",2014
404,"
6
","
Talk Dirty
","
Jason Derulo Featuring 2 Chainz
",2014
405,"
7
","
Rude
","

 MAGIC!

",2014
406,"
8
","
All About That Bass
","

Meghan Trainor

",2014
407,"
9
","
Problem
","
Ariana Grande Featuring Iggy Azalea
",2014
408,"
10
","
Stay With Me
","

Sam Smith

",2014
409,"
11
","
Timber
","
Pitbull Featuring Ke$ha
",2014
410,"
12
","
Pompeii
","

Bastille

",2014
411,"
13
","
Shake It Off
","

Taylor Swift

",2014
412,"
14
","
Am I Wrong
","

Nico & Vinz

",2014
413,"
15
","
Turn Down For What
","
DJ Snake & Lil Jon
",2014
414,"
16
","
The Monster
","

Eminem Featuring Rihanna

",2014
415,"
17
","
Say Something
","
A Great Big World & Christina Aguilera
",2014
416,"
18
","
Team
","

Lorde

",2014
417,"
19
","
Let Her Go
","

Passenger

",2014
418,"
20
","
Royals
","

Lorde

",2014
419,"
21
","
Let It Go
","

Idina Menzel

",2014
420,"
22
","
Wake Me Up!
","

Avicii

",2014
421,"
23
","
Demons
","

Imagine Dragons

",2014
422,"
24
","
Story Of My Life
","

One Direction

",2014
423,"
25
","
Chandelier
","

Sia

",2014
424,"
26
","
Black Widow
","
Iggy Azalea Featuring Rita Ora
",2014
425,"
27
","
Bang Bang
","
Jessie J, Ariana Grande & Nicki Minaj
",2014
426,"
28
","
Latch
","
Disclosure Featuring Sam Smith
",2014
427,"
29
","
Maps
","

Maroon 5

",2014
428,"
30
","
Loyal
","
Chris Brown Featuring Lil Wayne & French Montana Or Too $hort Or Tyga
",2014
429,"
31
","
Best Day Of My Life
","

American Authors

",2014
430,"
32
","
Habits (Stay High)
","

Tove Lo

",2014
431,"
33
","
Summer
","

Calvin Harris

",2014
432,"
34
","
Boom Clap
","

Charli XCX

",2014
433,"
35
","
Drunk In Love
","
Beyonce Featuring Jay Z
",2014
434,"
36
","
Anaconda
","

Nicki Minaj

",2014
435,"
37
","
Break Free
","
Ariana Grande Featuring Zedd
",2014
436,"
38
","
Bailando
","
Enrique Iglesias Featuring Descemer Bueno & Gente de Zona
",2014
437,"
39
","
Burn
","

Ellie Goulding

",2014
438,"
40
","
Wiggle
","
Jason Derulo Featuring Snoop Dogg
",2014
439,"
41
","
Rather Be
","
Clean Bandit Featuring Jess Glynne
",2014
440,"
42
","
Don't Tell 'Em
","
Jeremih Featuring YG
",2014
441,"
43
","
Show Me
","
Kid Ink Featuring Chris Brown
",2014
442,"
44
","
Wrecking Ball
","

Miley Cyrus

",2014
443,"
45
","
Not A Bad Thing
","

Justin Timberlake

",2014
444,"
46
","
Roar
","

Katy Perry

",2014
445,"
47
","
Ain't It Fun
","

Paramore

",2014
446,"
48
","
The Man
","

Aloe Blacc

",2014
447,"
49
","
This Is How We Roll
","
 Florida Georgia Line Featuring Luke Bryan
",2014
448,"
50
","
Classic
","

MKTO

",2014
449,"
51
","
A Sky Full Of Stars
","

Coldplay

",2014
450,"
52
","
Don't
","

Ed Sheeran

",2014
451,"
53
","
Na Na
","

Trey Songz

",2014
452,"
54
","
Hot Boy
","

Bobby Shmurda

",2014
453,"
55
","
Hold On, We're Going Home
","
Drake Featuring Majid Jordan
",2014
454,"
56
","
Sing
","

Ed Sheeran

",2014
455,"
57
","
Radioactive
","

Imagine Dragons

",2014
456,"
58
","
My Hitta
","
YG Featuring Jeezy & Rich Homie Quan
",2014
457,"
59
","
Cool Kids
","

Echosmith

",2014
458,"
60
","
Hey Brother
","

Avicii

",2014
459,"
61
","
Trumpets
","

Jason Derulo

",2014
460,"
62
","
Animals
","

Maroon 5

",2014
461,"
63
","
Burnin' It Down
","

Jason Aldean

",2014
462,"
64
","
Play It Again
","

Luke Bryan

",2014
463,"
65
","
2 On
","
Tinashe Featuring ScHoolboy Q
",2014
464,"
66
","
Dirt
","

Florida Georgia Line

",2014
465,"
67
","
Love Runs Out
","

OneRepublic

",2014
466,"
68
","
Bottoms Up
","

Brantley Gilbert

",2014
467,"
69
","
Shower
","

Becky G

",2014
468,"
70
","
Me And My Broken Heart
","

Rixton

",2014
469,"
71
","
Animals
","

Martin Garrix

",2014
470,"
72
","
Lifestyle
","
Rich Gang Featuring Young Thug & Rich Homie Quan
",2014
471,"
73
","
American Kids
","

Kenny Chesney

",2014
472,"
74
","
Brave
","

 Sara Bareilles

",2014
473,"
75
","
Sweater Weather
","

The Neighbourhood

",2014
474,"
76
","
Leave The Night On
","

Sam Hunt

",2014
475,"
77
","
New Flame
","
Chris Brown Featuring Usher & Rick Ross
",2014
476,"
78
","
Love Never Felt So Good
","
Michael Jackson & Justin Timberlake
",2014
477,"
79
","
Drunk On A Plane
","

Dierks Bentley

",2014
478,"
80
","
Birthday
","

Katy Perry

",2014
479,"
81
","
Bartender
","

Lady Antebellum

",2014
480,"
82
","
La La La
","
Naughty Boy Featuring Sam Smith
 ",2014
481,"
83
","
Blurred Lines
","
Robin Thicke Featuring T.I. + Pharrell
",2014
482,"
84
","
Do What U Want
","
Lady Gaga Featuring R. Kelly
",2014
483,"
85
","
Can't Remember To Forget You
","
Shakira Featuring Rihanna
",2014
484,"
86
","
Amnesia
","

5 Seconds Of Summer

",2014
485,"
87
","
No Mediocre
","
T.I. Featuring Iggy Azalea
",2014
486,"
88
","
Come With Me Now
","

KONGOS

",2014
487,"
89
","
Believe Me
","
Lil Wayne Featuring Drake
",2014
488,"
90
","
23
","
Mike WiLL Made-It Featuring Miley Cyrus, Wiz Khalifa & Juicy J
",2014
489,"
91
","
Beachin'
","

Jake Owen

",2014
490,"
92
","
White Walls
","
Macklemore & Ryan Lewis Featuring ScHoolboy Q & Hollis
",2014
491,"
93
","
She Looks So Perfect
","

5 Seconds Of Summer

",2014
492,"
94
","
Stay The Night
","
Zedd Featuring Hayley Williams
",2014
493,"
95
","
 Partition
","

Beyonce

",2014
494,"
96
","
Studio
","
ScHoolboy Q Featuring BJ The Chicago Kid
",2014
495,"
97
","
0 To 100 / The Catch Up
","

Drake

",2014
496,"
98
","
I Don't Dance
","

Lee Brice

",2014
497,"
99
","
Somethin' Bad
","
Miranda Lambert Duet With Carrie Underwood
",2014
498,"
100
","
Adore You
","

Miley Cyrus

",2014
499,"
1
","
Uptown Funk!
","
Mark Ronson Featuring Bruno Mars
",2015
500,"
2
","
Thinking Out Loud
","

Ed Sheeran

",2015
501,"
3
","
See You Again
","
Wiz Khalifa Featuring Charlie Puth
",2015
502,"
4
","
Trap Queen
","

Fetty Wap

",2015
503,"
5
","
Sugar
","

Maroon 5

",2015
504,"
6
","
Shut Up And Dance
","

WALK THE MOON

",2015
505,"
7
","
Blank Space
","

Taylor Swift

",2015
506,"
8
","
Watch Me
","

Silento

",2015
507,"
9
","
Earned It (Fifty Shades Of Grey)
","

The Weeknd

",2015
508,"
10
","
The Hills
","

The Weeknd

",2015
509,"
11
","
Cheerleader
","

OMI

",2015
510,"
12
","
Can't Feel My Face
","

The Weeknd

",2015
511,"
13
","
Love Me Like You Do
","

Ellie Goulding

",2015
512,"
14
","
Take Me To Church
","

Hozier

",2015
513,"
15
","
Bad Blood
","
Taylor Swift Featuring Kendrick Lamar
",2015
514,"
16
","
Lean On
","
Major Lazer & DJ Snake Featuring MO
",2015
515,"
17
","
Want To Want Me
","

Jason Derulo

",2015
516,"
18
","
Shake It Off
","

Taylor Swift
 
",2015
517,"
19
","
Where Are U Now
","
Skrillex & Diplo With Justin Bieber
",2015
518,"
20
","
Fight Song
","

Rachel Platten

",2015
519,"
21
","
679
","
Fetty Wap Featuring Remy Boyz
 ",2015
520,"
22
","
Lips Are Movin
","

Meghan Trainor

",2015
521,"
23
","
Worth It
","
Fifth Harmony Featuring Kid Ink
",2015
522,"
24
","
Post To Be
","
Omarion Featuring Chris Brown & Jhene Aiko
",2015
523,"
25
","
Honey, I'm Good.
","

Andy Grammer

",2015
524,"
26
","
I'm Not The Only One
","

Sam Smith

",2015
525,"
27
","
Good For You
","
Selena Gomez Featuring A$AP Rocky
",2015
526,"
28
","
All About That Bass
","

Meghan Trainor

",2015
527,"
29
","
Style
","

Taylor Swift

",2015
528,"
30
","
Hotline Bling
","

Drake

",2015
529,"
31
","
Hey Mama
","
David Guetta Featuring Nicki Minaj, Bebe Rexha & Afrojack
",2015
530,"
32
","
G.D.F.R.
","
Flo Rida Featuring Sage The Gemini & Lookas
",2015
531,"
33
","
What Do You Mean?
","

Justin Bieber

",2015
532,"
34
","
Photograph
 ","

Ed Sheeran

",2015
533,"
35
","
Hello
","

Adele

",2015
534,"
36
","
Stitches
","

Shawn Mendes

",2015
535,"
37
","
Talking Body
","

Tove Lo

",2015
536,"
38
","
Jealous
","

Nick Jonas

",2015
537,"
39
","
Time Of Our Lives
","
Pitbull & Ne-Yo
",2015
538,"
40
","
Locked Away
","
R. City Featuring Adam Levine
",2015
539,"
41
","
Somebody
","
Natalie La Rose Featuring Jeremih
",2015
540,"
42
","
FourFiveSeconds
","
Rihanna & Kanye West & Paul McCartney
",2015
541,"
43
","
Centuries
","

Fall Out Boy

",2015
542,"
44
","
My Way
","
Fetty Wap Featuring Monty
",2015
543,"
45
","
Take Your Time
","

Sam Hunt

",2015
544,"
46
","
Animals
","

Maroon 5

",2015
545,"
47
","
I Don't F**k With You
","
Big Sean Featuring E-40
",2015
546,"
48
","
B**** Better Have My Money
","

Rihanna

",2015
547,"
49
","
Flex (Ooh Ooh Ooh)
","

Rich Homie Quan

",2015
548,"
50
","
Nasty Freestyle
","

T-Wayne

",2015
549,"
51
","
Only
","
Nicki Minaj Featuring Drake, Lil Wayne & Chris Brown
",2015
550,"
52
","
Elastic Heart
","

Sia

",2015
551,"
53
","
Cool For The Summer
","

Demi Lovato

",2015
552,"
54
","
Renegades
","

X Ambassadors

",2015
553,"
55
","
I Don't Mind
","
Usher Featuring Juicy J
",2015
554,"
56
","
Love Me Harder
","
Ariana Grande & The Weeknd
",2015
555,"
57
","
Wildest Dreams
","

Taylor Swift

",2015
556,"
58
","
Stay With Me
","

Sam Smith

",2015
557,"
59
","
You Know You Like It
","
DJ Snake & AlunaGeorge
",2015
558,"
60
","
Uma Thurman
","

Fall Out Boy

",2015
559,"
61
","
7/11
","

Beyonce

",2015
560,"
62
","
The Heart Wants What It Wants
","

Selena Gomez

",2015
561,"
63
","
Girl Crush
","

Little Big Town

",2015
562,"
64
","
Slow Motion
","

Trey Songz

",2015
563,"
65
","
Drag Me Down
","

One Direction

",2015
564,"
66
","
Truffle Butter
","
Nicki Minaj Featuring Drake & Lil Wayne
",2015
565,"
67
","
One Last Time
","

Ariana Grande

",2015
566,"
68
","
Chains
","

Nick Jonas

",2015
567,"
69
","
All Eyes On You
","
Meek Mill Featuring Chris Brown & Nicki Minaj
",2015
568,"
70
","
No Type
","

Rae Sremmurd

",2015
569,"
71
","
Riptide
","

Vance Joy

",2015
570,"
72
","
Classic Man
","
Jidenna Featuring Roman GianArthur
",2015
571,"
73
","
Ex's & Oh's
","

Elle King

",2015
572,"
74
","
Dear Future Husband
","

Meghan Trainor

",2015
573,"
75
","
Marvin Gaye
","
Charlie Puth Featuring Meghan Trainor
",2015
574,"
76
","
Like I'm Gonna Lose You
","
Meghan Trainor Featuring John Legend
",2015
575,"
77
","
Habits (Stay High)
","

Tove Lo

",2015
576,"
78
","
The Hanging Tree
","
James Newton Howard Featuring Jennifer Lawrence
",2015
577,"
79
","
CoCo
","

O.T. Genasis

",2015
578,"
80
","
Bang Bang
","
Jessie J, Ariana Grande & Nicki Minaj
",2015
579,"
81
","
Lay Me Down
","

Sam Smith

",2015
580,"
82
","
Tuesday
","
I LOVE MAKONNEN Featuring Drake
",2015
581,"
83
","
Hit The Quan
","
iLoveMemphis
",2015
582,"
84
","
Downtown
","
Macklemore & Ryan Lewis Featuring Eric Nally, Melle Mel, Kool Moe Dee & Grandmaster Caz
",2015
583,"
85
","
House Party
","

Sam Hunt

",2015
584,"
86
","
Ayo
","
Chris Brown & Tyga
",2015
585,"
87
","
Kick The Dust Up
","

Luke Bryan

",2015
586,"
88
","
Blessings
","
Big Sean Featuring Drake
",2015
587,"
89
","
Budapest
","

George Ezra

",2015
588,"
90
","
Chandelier
","

Sia

",2015
589,"
91
","
Heartbeat Song
","

Kelly Clarkson

",2015
590,"
92
","
Don't
","

Ed Sheeran

",2015
591,"
93
","
Ghost
","

Ella Henderson

",2015
592,"
94
","
Here
","

Alessia Cara

",2015
593,"
95
","
Waves
","

Mr. Probz

",2015
594,"
96
","
El Perdon (Forgiveness)
","
Nicky Jam & Enrique Iglesias
",2015
595,"
97
","
She Knows
","
Ne-Yo Featuring Juicy J
",2015
596,"
98
","
Night Changes
","

One Direction

",2015
597,"
99
","
Back To Back
","

Drake

",2015
598,"
100
","
How Deep Is Your Love
","
Calvin Harris & Disciples
",2015
599,"
1
","
Love Yourself
","

Justin Bieber

",2016
600,"
2
","
Sorry
","

Justin Bieber

",2016
601,"
3
","
One Dance
","
Drake Featuring WizKid & Kyla
",2016
602,"
4
","
Work
","
Rihanna Featuring Drake
",2016
603,"
5
","
Stressed Out
","

twenty one pilots

",2016
604,"
6
","
Panda
","

Desiigner

",2016
605,"
7
","
Hello
","

Adele

",2016
606,"
8
","
Don't Let Me Down
","

The Chainsmokers Featuring Daya

",2016
607,"
9
","
Can't Stop The Feeling!
","

Justin Timberlake

",2016
608,"
10
","
Closer
","
The Chainsmokers Featuring Halsey
",2016
609,"
11
","
Cheap Thrills
","
Sia Featuring Sean Paul
",2016
610,"
12
","
7 Years
","

Lukas Graham

",2016
611,"
13
","
Needed Me
","

Rihanna

",2016
612,"
14
","
My House
","

Flo Rida

",2016
613,"
15
","
I Took A Pill In Ibiza
","

Mike Posner

",2016
614,"
16
","
Work From Home
","
Fifth Harmony Featuring Ty Dolla $ign
",2016
615,"
17
","
This Is What You Came For
","
Calvin Harris Featuring Rihanna
",2016
616,"
18
","
Cake By The Ocean
","

DNCE

",2016
617,"
19
","
Me, Myself & I
","
G-Eazy x Bebe Rexha
",2016
618,"
20
","
Ride
","

twenty one pilots

",2016
619,"
21
","
Heathens
","

twenty one pilots

",2016
620,"
22
","
Pillowtalk
","

Zayn

",2016
621,"
23
","
Stitches
","

Shawn Mendes

",2016
622,"
24
","
Hotline Bling
","

Drake

",2016
623,"
25
","
Cold Water
","
Major Lazer Featuring Justin Bieber & MO
",2016
624,"
26
","
Send My Love (To Your New Lover)
","

Adele

",2016
625,"
27
","
Roses
","
The Chainsmokers Featuring Rozes
",2016
626,"
28
","
Treat You Better
","

Shawn Mendes

",2016
627,"
29
","
Too Good
","
Drake Featuring Rihanna
",2016
628,"
30
","
Low Life
","
Future Featuring The Weeknd
",2016
629,"
31
","
What Do You Mean?
","

Justin Bieber

",2016
630,"
32
","
The Hills
","

The Weeknd

",2016
631,"
33
","
Just Like Fire
","

P!nk

",2016
632,"
34
","
Broccoli
","
D.R.A.M. Featuring Lil Yachty
",2016
633,"
35
","
Don't
","

Bryson Tiller

",2016
634,"
36
","
Dangerous Woman
","

Ariana Grande

",2016
635,"
37
","
Jumpman
","
Drake & Future
",2016
636,"
38
","
I Hate U I Love U
","
gnash Featuring Olivia O'Brien
",2016
637,"
39
","
Here
","

Alessia Cara

",2016
638,"
40
","
Same Old Love
","

Selena Gomez

",2016
639,"
41
","
 Controlla
","

Drake

",2016
640,"
42
","
Like I'm Gonna Lose You
","
Meghan Trainor Featuring John Legend
",2016
641,"
43
","
One Call Away
","

Charlie Puth

",2016
642,"
44
","
Let It Go
","

James Bay

",2016
643,"
45
","
No
","

Meghan Trainor

",2016
644,"
 46
","
Never Forget You
","
Zara Larsson & MNEK
",2016
645,"
47
","
Let Me Love You
","
DJ Snake Featuring Justin Bieber
",2016
646,"
48
","
Don't Mind
","

Kent Jones

",2016
647,"
49
","
H.O.L.Y.
","

Florida Georgia Line

",2016
648,"
50
","
We Don't Talk Anymore
","
Charlie Puth Featuring Selena Gomez
",2016
649,"
51
","
Into You
","

Ariana Grande

",2016
650,"
52
","
Gold
","

Kiiara

",2016
651,"
53
","
Exchange
","

Bryson Tiller

",2016
652,"
54
","
679
","
Fetty Wap Featuring Remy Boyz
",2016
653,"
55
","
Oui
 ","

Jeremih

",2016
654,"
56
","
Hands To Myself
","

Selena Gomez

",2016
655,"
57
","
2 Phones
","

Kevin Gates

",2016
656,"
58
","
Starboy
","
The Weeknd Featuring Daft Punk
",2016
657,"
59
","
For Free
","
DJ Khaled Featuring Drake
",2016
658,"
60
","
Never Be Like You
","
Flume Featuring Kai
",2016
659,"
61
","
In The Night
","

The Weeknd

",2016
660,"
62
","
Me Too
","

Meghan Trainor

",2016
661,"
63
","
Ex's & Oh's
","

Elle King

",2016
662,"
64
","
Die A Happy Man
","

Thomas Rhett

",2016
663,"
65
","
White Iverson
","

Post Malone

",2016
664,"
66
","
Close
","
Nick Jonas Featuring Tove Lo
",2016
665,"
67
","
Unsteady
","

X Ambassadors

",2016
666,"
68
","
Sucker For Pain
","

Lil Wayne, Wiz Khalifa & Imagine Dragons With Logic & Ty Dolla $ign Feat. X Ambassadors

",2016
667,"
69
","
Down In The DM
","
Yo Gotti Featuring Nicki Minaj
",2016
668,"
70
","
Luv
","

Tory Lanez

",2016
669,"
71
","
Sorry
","

Beyonce

",2016
670,"
72
","
Can't Feel My Face
","

The Weeknd

",2016
671,"
73
","
Hymn For The Weekend
","

Coldplay

",2016
672,"
74
","
Say It
","

Tory Lanez
 
",2016
673,"
75
","
Antidote
","

Travis Scott

",2016
674,"
76
","
Lost Boy
","

Ruth B

",2016
675,"
77
","
Side To Side
","
Ariana Grande Featuring Nicki Minaj
",2016
676,"
78
","
Sit Still, Look Pretty
","

Daya

",2016
677,"
79
","
Wildest Dreams
","

Taylor Swift

",2016
678,"
80
","
Middle
","
DJ Snake Featuring Bipolar Sunshine
",2016
679,"
81
","
On My Mind
","

Ellie Goulding

",2016
680,"
82
","
Pop Style
","
Drake Featuring The Throne
",2016
681,"
83
","
When We Were Young
","

Adele

",2016
682,"
84
","
Hide Away
","

Daya

",2016
683,"
85
","
Lean On
","
Major Lazer & DJ Snake Featuring MO
",2016
684,"
86
","
I Know What You Did Last Summer
","
Shawn Mendes & Camila Cabello
",2016
685,"
88
","
Watch Me
","

Silento

",2016
686,"
89
","
Back To Sleep
","

Chris Brown

",2016
687,"
90
","
No Limit
","
Usher Featuring Young Thug
",2016
688,"
91
","
Cut It
 ","
O.T. Genasis Featuring Young Dolph
",2016
689,"
92
","
Really Really
","

Kevin Gates

",2016
690,"
93
","
All In My Head (Flex)
","
Fifth Harmony Featuring Fetty Wap
",2016
691,"
94
","
Starving
","
Hailee Steinfeld & Grey Featuring Zedd
",2016
692,"
95
","
Adventure Of A Lifetime
","

Coldplay

",2016
693,"
96
","
Humble And Kind
","

Tim McGraw

",2016
694,"
97
","
Wicked
","

Future

",2016
695,"
98
","
Tiimmy Turner
","

Desiigner

",2016
696,"
99
","
See You Again
","
Wiz Khalifa Featuring Charlie Puth
",2016
697,"
100
","
Perfect
","

One Direction

",2016
698,"
1
","
Shape Of You
","

Ed Sheeran

",2017
699,"
2
","
Despacito
","
Luis Fonsi & Daddy Yankee Featuring Justin Bieber
",2017
700,"
3
","
That's What I Like
","

Bruno Mars

",2017
701,"
4
","
Humble.
","

Kendrick Lamar

",2017
702,"
5
","
Something Just Like This
","
The Chainsmokers & Coldplay
",2017
703,"
6
","
Bad And Boujee
","
Migos Featuring Lil Uzi Vert
",2017
704,"
7
","
Closer
","
The Chainsmokers Featuring Halsey
",2017
705,"
8
","
Body Like A Back Road
","

Sam Hunt

",2017
706,"
9
","
Believer
","

Imagine Dragons

",2017
707,"
10
","
Congratulations
","
Post Malone Featuring Quavo
",2017
708,"
11
","
 Say You Won't Let Go
","

James Arthur

",2017
709,"
12
","
I'm The One
","
DJ Khaled Featuring Justin Bieber, Quavo, Chance The Rapper & Lil Wayne
",2017
710,"
13
","
XO TOUR Llif3
","

Lil Uzi Vert

",2017
711,"
14
","
Mask Off
","

Future

",2017
712,"
15
","
Unforgettable
","
French Montana Featuring Swae Lee
",2017
713,"
16
","
24K Magic
","

Bruno Mars

",2017
714,"
17
","
Stay
","
Zedd & Alessia Cara
",2017
715,"
18
","
Wild Thoughts
","
DJ Khaled Featuring Rihanna & Bryson Tiller
",2017
716,"
19
","
Black Beatles
","
Rae Sremmurd Featuring Gucci Mane
",2017
717,"
20
","
Starboy
","
The Weeknd Featuring Daft Punk
 ",2017
718,"
21
","
Location
","

Khalid

",2017
719,"
22
","
Attention
","

Charlie Puth

",2017
720,"
23
","
There's Nothing Holdin' Me Back
","

Shawn Mendes

",2017
721,"
24
","
Bodak Yellow (Money Moves)
","

Cardi B

",2017
722,"
25
","
Redbone
","

Childish Gambino

",2017
723,"
26
","
I Don't Wanna Live Forever (Fifty Shades Darker)
","
Zayn / Taylor Swift
",2017
724,"
27
","
It Ain't Me
","
Kygo x Selena Gomez
",2017
725,"
28
","
iSpy
","
KYLE Featuring Lil Yachty
",2017
726,"
29
","
Issues
","

Julia Michaels

",2017
727,"
30
","
Scars To Your Beautiful
","

Alessia Cara

",2017
728,"
31
","
1-800-273-8255
","
Logic Featuring Alessia Cara & Khalid
",2017
729,"
32
","
Slow Hands
","

Niall Horan

",2017
730,"
33
","
Love On The Brain
","

Rihanna

",2017
731,"
34
","
I Feel It Coming
","
The Weeknd Featuring Daft Punk
",2017
732,"
35
","
Bounce Back
","

Big Sean

",2017
733,"
36
","
Strip That Down
","
Liam Payne Featuring Quavo
",2017
734,"
37
","
Fake Love
","

Drake

",2017
735,"
38
","
Don't Wanna Know
","
Maroon 5 Featuring Kendrick Lamar
",2017
736,"
39
","
Look What You Made Me Do
","

Taylor Swift

",2017
737,"
40
","
Castle On The Hill
","

Ed Sheeran

",2017
738,"
41
","
Bad Things
","
Machine Gun Kelly x Camila Cabello
",2017
739,"
42
","
Paris
","

The Chainsmokers

",2017
740,"
43
","
Side To Side
","
Ariana Grande Featuring Nicki Minaj
",2017
741,"
44
","
Rockabye
","
Clean Bandit Featuring Sean Paul & Anne-Marie
",2017
742,"
45
","
Feel It Still
","

Portugal. The Man

",2017
743,"
46
","
Let Me Love You
","
DJ Snake Featuring Justin Bieber
",2017
744,"
47
","
Sorry Not Sorry
","

Demi Lovato

",2017
745,"
48
","
Bank Account
","

21 Savage

",2017
746,"
49
","
Can't Stop The Feeling!
","

Justin Timberlake

",2017
747,"
50
","
Mi Gente
","
J Balvin & Willy William Featuring Beyonce
",2017
748,"
51
","
Thunder
","

Imagine Dragons

",2017
749,"
52
","
T-Shirt
","

Migos

",2017
750,"
53
","
Rake It Up
","
Yo Gotti Featuring Nicki Minaj
",2017
751,"
54
","
Mercy
","

Shawn Mendes

",2017
752,"
55
","
Tunnel Vision
","

Kodak Black

",2017
753,"
56
","
Rockstar
","
Post Malone Featuring 21 Savage
",2017
754,"
57
","
In Case You Didn't Know
","

Brett Young

",2017
755,"
58
","
Heathens
","

twenty one pilots

",2017
756,"
59
","
Now Or Never
","

Halsey

",2017
757,"
60
","
Caroline
","

Amine

",2017
758,"
61
","
Rolex
","

Ayo & Teo

",2017
759,"
62
","
DNA.
","

Kendrick Lamar

",2017
760,"
63
","
Juju On That Beat (TZ Anthem)
","

Zay Hilfigerrr & Zayion McCall

",2017
761,"
64
","
Swang
","

Rae Sremmurd

",2017
762,"
65
","
Passionfruit
","

Drake

",2017
763,"
66
","
Loyalty.
","
Kendrick Lamar Featuring Rihanna
",2017
764,"
67
","
Praying
","

Kesha

",2017
765,"
68
","
Goosebumps
","

Travis Scott

",2017
766,"
69
","
Cold
","
Maroon 5 Featuring Future
",2017
767,"
70
","
Broccoli
","
D.R.A.M. Featuring Lil Yachty
",2017
768,"
71
","
Slide
","
Calvin Harris Featuring Frank Ocean & Migos
",2017
769,"
72
","
What Ifs
","
Kane Brown Featuring Lauren Alaina
",2017
770,"
73
","
Chained To The Rhythm
","
Katy Perry Featuring Skip Marley
",2017
771,"
74
","
Feels
","
Calvin Harris Featuring Pharrell Williams, Katy Perry & Big Sean
",2017
772,"
75
","
All Time Low
","

Jon Bellion

",2017
773,"
76
","
Hurricane
","

Luke Combs

",2017
774,"
77
","
Too Good At Goodbyes
","

Sam Smith

",2017
775,"
78
","
Young Dumb & Broke
","

Khalid

",2017
776,"
79
","
Magnolia
","

Playboi Carti

",2017
777,"
80
","
Love Galore
","
SZA Featuring Travis Scott
",2017
778,"
81
","
Drowning
","
A Boogie Wit da Hoodie Featuring Kodak Black
",2017
779,"
82
","
Starving
","
Hailee Steinfeld & Grey Featuring Zedd
",2017
780,"
83
","
Both
","
Gucci Mane Featuring Drake
",2017
781,"
84
","
What About Us
","

P!nk

",2017
782,"
85
","
Swalla
","
Jason Derulo Featuring Nicki Minaj & Ty Dolla $ign
",2017
783,"
86
","
Slippery
","
Migos Featuring Gucci Mane
",2017
784,"
87
","
Sign Of The Times
","

Harry Styles

",2017
785,"
88
","
Water Under The Bridge
","

Adele

",2017
786,"
89
","
Malibu
","

Miley Cyrus

",2017
787,"
90
","
Down
","

Marian Hill

",2017
788,"
91
","
No Promises
","
Cheat Codes Featuring Demi Lovato
",2017
789,"
92
","
Treat You Better
","

Shawn Mendes

",2017
790,"
93
","
I Get The Bag
","
Gucci Mane Featuring Migos
",2017
791,"
94
","
Small Town Boy
","

Dustin Lynch

",2017
792,"
95
","
Everyday We Lit
","
YFN Lucci Featuring PnB Rock
",2017
793,"
96
","
Havana
","
Camila Cabello Featuring Young Thug
",2017
794,"
97
","
What Lovers Do
","
Maroon 5 Featuring SZA
",2017
795,"
98
","
Do Re Mi
","

blackbear

",2017
796,"
99
","
Look At Me!
","

XXXTENTACION

",2017
797,"
100
","
The Fighter
","
Keith Urban Featuring Carrie Underwood
",2017
798,"
1
","
God's Plan
","

Drake

",2018
799,"
2
","
Perfect
","

Ed Sheeran

",2018
800,"
3
","
Meant To Be
","
Bebe Rexha & Florida Georgia Line
",2018
801,"
4
","
Havana
","
Camila Cabello Featuring Young Thug
",2018
802,"
5
","
Rockstar
","
Post Malone Featuring 21 Savage
",2018
803,"
6
","
Psycho
","
Post Malone Featuring Ty Dolla $ign
",2018
804,"
7
","
I Like It
","
Cardi B, Bad Bunny & J Balvin
",2018
805,"
8
","
The Middle
","
Zedd, Maren Morris & Grey
",2018
806,"
9
","
In My Feelings
","

Drake

",2018
807,"
10
","
Girls Like You
","
Maroon 5 Featuring Cardi B
",2018
808,"
11
","
Nice For What
","

Drake

",2018
809,"
12
","
Lucid Dreams
","

Juice WRLD

",2018
810,"
13
","
Better Now
","

Post Malone

",2018
811,"
14
","
Finesse
","
Bruno Mars & Cardi B
",2018
812,"
15
","
Boo'd Up
","

Ella Mai

",2018
813,"
16
","
 New Rules
","

Dua Lipa

",2018
814,"
17
","
Sad!
","

XXXTENTACION

",2018
815,"
18
","
Never Be The Same
","

Camila Cabello

",2018
816,"
19
","
Love Lies
","
Khalid & Normani
",2018
817,"
20
","
No Tears Left To Cry
","

Ariana Grande

",2018
818,"
21
","
Mine
","
Bazzi
",2018
819,"
22
","
Thunder
","

Imagine Dragons

",2018
820,"
23
","
Look Alive
","
BlocBoy JB Featuring Drake
",2018
821,"
24
","
Delicate
","

Taylor Swift

",2018
822,"
25
","
Yes Indeed
","
Lil Baby & Drake
",2018
823,"
26
","
Friends
","
Marshmello & Anne-Marie
",2018
824,"
27
","
Bad At Love
","

Halsey

",2018
825,"
28
","
Taste
","
Tyga Featuring Offset
",2018
826,"
29
","
Let You Down
","

NF

",2018
827,"
30
","
No Limit
","
 G-Eazy Featuring A$AP Rocky & Cardi B
",2018
828,"
31
","
FEFE
","
6ix9ine Featuring Nicki Minaj & Murda Beatz
",2018
829,"
32
","
Tequila
","

Dan + Shay

",2018
830,"
33
","
Feel It Still
","

 Portugal. The Man

",2018
831,"
34
","
MotorSport
","
Migos, Nicki Minaj & Cardi B
",2018
832,"
35
","
I Like Me Better
","

Lauv

",2018
833,"
36
","
Youngblood
","

5 Seconds Of Summer

",2018
834,"
37
","
Whatever It Takes
","

Imagine Dragons

",2018
835,"
38
","
 Ric Flair Drip
","
Offset & Metro Boomin
",2018
836,"
39
","
I Fall Apart
","

Post Malone

",2018
837,"
40
","
Pray For Me
","
The Weeknd & Kendrick Lamar
",2018
838,"
41
","
Back To You
","

Selena Gomez

",2018
839,"
42
","
Sicko Mode
","

Travis Scott

",2018
840,"
43
","
Walk It Talk It
","
Migos Featuring Drake
",2018
841,"
44
","
Gucci Gang
","

Lil Pump

",2018
842,"
45
","
Him & I
","
G-Eazy & Halsey
",2018
843,"
46
","
In My Blood
","

Shawn Mendes

",2018
844,"
47
","
All The Stars
","
Kendrick Lamar & SZA
",2018
845,"
48
","
Stir Fry
","

Migos

",2018
846,"
49
","
Too Good At Goodbyes
","

Sam Smith

",2018
847,"
50
","
Love.
","
Kendrick Lamar Featuring Zacari
",2018
848,"
51
","
This Is America
","

Childish Gambino

",2018
849,"
52
","
Nonstop
","

Drake

",2018
850,"
53
","
Heaven
","

Kane Brown

",2018
851,"
54
","
Bodak Yellow (Money Moves)
","

Cardi B

",2018
852,"
55
","
Freaky Friday
","
Lil Dicky Featuring Chris Brown
",2018
853,"
56
","
Gummo
","
6ix9ine
",2018
854,"
57
","
Plug Walk
","

Rich The Kid

",2018
855,"
58
","
Wait
","

Maroon 5

",2018
856,"
59
","
Be Careful
","

Cardi B

",2018
857,"
60
","
Wolves
","
Selena Gomez X Marshmello
",2018
858,"
61
","
Bartier Cardi
","
Cardi B Featuring 21 Savage
",2018
859,"
62
","
God Is A Woman
","

Ariana Grande

",2018
860,"
63
","
Big Bank
","
YG Featuring 2 Chainz, Big Sean & Nicki Minaj
",2018
861,"
64
","
Sorry Not Sorry
","

Demi Lovato

",2018
862,"
65
","
How Long
","

Charlie Puth

",2018
863,"
66
","
Lights Down Low
","
MAX Featuring gnash
",2018
864,"
67
","
Young Dumb & Broke
","

Khalid

",2018
865,"
68
","
One Kiss
","
Calvin Harris & Dua Lipa
",2018
866,"
69
","
Natural
","

Imagine Dragons

",2018
867,"
70
","
You Make It Easy
","

Jason Aldean

",2018
868,"
 71
","
Shape Of You
","

Ed Sheeran

",2018
869,"
72
","
I Get The Bag
","
Gucci Mane Featuring Migos
",2018
870,"
73
","
No Brainer
","
DJ Khaled Featuring Justin Bieber, Chance The Rapper & Quavo
",2018
871,"
74
","
Plain Jane
","
A$AP Ferg Featuring Nicki Minaj
",2018
872,"
75
","
Sky Walker
","
Miguel Featuring Travis Scott
",2018
873,"
76
","
Marry Me
","

Thomas Rhett

",2018
874,"
77
","
Eastside
","
benny blanco, Halsey & Khalid
",2018
875,"
78
","
Call Out My Name
","

The Weeknd

",2018
876,"
79
","
King's Dead
","
Jay Rock, Kendrick Lamar, Future & James Blake
",2018
877,"
80
","
Happier
","
Marshmello & Bastille
",2018
878,"
81
","
Te Bote
","
Casper Magico, Nio Garcia, Darell, Nicky Jam, Ozuna & Bad Bunny
",2018
879,"
82
","
Simple
","

Florida Georgia Line

",2018
880,"
83
","
Lemon
","
N*E*R*D & Rihanna
",2018
881,"
84
","
1-800-273-8255
","
Logic Featuring Alessia Cara & Khalid
",2018
882,"
85
","
Say Something
","
Justin Timberlake Featuring Chris Stapleton
",2018
883,"
86
","
I'm Upset
","

Drake

",2018
884,"
87
","
Get Along
","

Kenny Chesney

",2018
885,"
88
","
Moonlight
","

XXXTENTACION

",2018
886,"
89
","
What Lovers Do
","
Maroon 5 Featuring SZA
",2018
887,"
90
","
X
","
Nicky Jam x J Balvin
",2018
888,"
91
","
Outside Today
","

YoungBoy Never Broke Again

",2018
889,"
92
","
Trip
","

Ella Mai

",2018
890,"
93
","
Dura
","

Daddy Yankee

",2018
891,"
94
","
Changes
","

XXXTENTACION

",2018
892,"
95
","
Mercy
","

Brett Young

",2018
893,"
96
","
One Number Away
","

Luke Combs

",2018
894,"
97
","
Powerglide
","
Rae Sremmurd & Juicy J
",2018
895,"
98
","
IDGAF
","

Dua Lipa

",2018
896,"
99
","
Mi Gente
","
J Balvin & Willy William Featuring Beyonce
",2018
897,"
100
","
Believer
","

Imagine Dragons

",2018
898,"
1
","
Old Town Road
","
Lil Nas X Featuring Billy Ray Cyrus
",2019
899,"
2
","
Sunflower (Spider-Man: Into The Spider-Verse)
","

Post Malone & Swae Lee

",2019
900,"
3
","
Without Me
","

Halsey

",2019
901,"
4
","
Bad Guy
","

Billie Eilish

",2019
902,"
5
","
Wow.
","

Post Malone

",2019
903,"
6
","
Happier
","
Marshmello & Bastille
",2019
904,"
7
","
7 Rings
","

Ariana Grande

",2019
905,"
8
","
Talk
","

Khalid

",2019
906,"
9
","
Sicko Mode
","

Travis Scott

",2019
907,"
10
","
Sucker
","

Jonas Brothers

",2019
908,"
11
","
High Hopes
","

Panic! At The Disco

",2019
909,"
12
","
Thank U, Next
","

Ariana Grande

",2019
910,"
13
","
Truth Hurts
","

Lizzo

",2019
911,"
14
","
Dancing With A Stranger
","
Sam Smith & Normani
",2019
912,"
15
","
Senorita
","
Shawn Mendes & Camila Cabello
",2019
913,"
16
","
I Don't Care
","
Ed Sheeran & Justin Bieber
",2019
914,"
17
","
Eastside
","
benny blanco, Halsey & Khalid
",2019
915,"
18
","
Going Bad
","
Meek Mill Featuring Drake
",2019
916,"
19
","
Shallow
","
Lady Gaga & Bradley Cooper
",2019
917,"
20
","
Better
","

Khalid

",2019
918,"
21
","
No Guidance
","
Chris Brown Featuring Drake
",2019
919,"
22
","
Girls Like You
","
Maroon 5 Featuring Cardi B
",2019
920,"
23
","
Sweet But Psycho
","

Ava Max

",2019
921,"
24
","
Suge
","
DaBaby
",2019
922,"
25
","
Middle Child
","

J. Cole

",2019
923,"
26
","
Drip Too Hard
","

Lil Baby & Gunna

",2019
924,"
27
","
Someone You Loved
","

Lewis Capaldi

",2019
925,"
28
","
Ran$om
","

Lil Tecca

",2019
926,"
29
","
If I Can't Have You
","

Shawn Mendes

",2019
927,"
30
","
Goodbyes
","
Post Malone Featuring Young Thug
",2019
928,"
31
","
ZEZE
","
Kodak Black Featuring Travis Scott & Offset
",2019
929,"
32
","
Better Now
","

Post Malone

",2019
930,"
33
","
Youngblood
","

5 Seconds Of Summer

",2019
931,"
34
","
Money In The Grave
","
Drake Featuring Rick Ross
",2019
932,"
35
","
Speechless
","

Dan + Shay

",2019
933,"
36
","
Break Up With Your Girlfriend, I'm Bored
","

Ariana Grande

",2019
934,"
37
","
Please Me
","
Cardi B & Bruno Mars
",2019
935,"
38
","
Money
","

Cardi B

",2019
936,"
39
","
You Need To Calm Down
","

Taylor Swift

",2019
937,"
40
","
 Panini
","

Lil Nas X

",2019
938,"
41
","
Look Back At It
","

A Boogie Wit da Hoodie

",2019
939,"
42
","
A Lot
","

21 Savage

",2019
940,"
43
","
ME!
","
Taylor Swift Featuring Brendon Urie
",2019
941,"
44
","
MIA
","
Bad Bunny Featuring Drake
",2019
942,"
45
","
Pop Out
","
Polo G Featuring Lil Tjay
",2019
943,"
46
","
Beautiful Crazy
","

Luke Combs

",2019
944,"
47
","
Thotiana
","

Blueface

",2019
945,"
48
","
Lucid Dreams
","

Juice WRLD

",2019
946,"
49
","
Mo Bamba
","

Sheck Wes

",2019
947,"
50
","
Beautiful People
","

Ed Sheeran Featuring Khalid

",2019
948,"
51
","
Wake Up In The Sky
","
Gucci Mane X Bruno Mars X Kodak Black
",2019
949,"
52
","
Whiskey Glasses
","

Morgan Wallen

",2019
950,"
53
","
God's Country
","

Blake Shelton

",2019
951,"
54
","
Be Alright
","

Dean Lewis

",2019
952,"
55
","
Pure Water
","
Mustard & Migos
",2019
953,"
56
","
The Git Up
","

Blanco Brown

",2019
954,"
57
","
Taki Taki
","
DJ Snake Featuring Selena Gomez, Ozuna & Cardi B
",2019
955,"
58
","
Close To Me
","
Ellie Goulding X Diplo Featuring Swae Lee
",2019
956,"
59
","
Envy Me
","

Calboy

",2019
957,"
60
","
You Say
","

Lauren Daigle

",2019
958,"
61
","
Hey Look Ma, I Made It
","

Panic! At The Disco

",2019
959,"
62
","
Circles
","

Post Malone

",2019
960,"
63
","
Beer Never Broke My Heart
","

Luke Combs

",2019
961,"
64
","
The London
","
Young Thug, J. Cole & Travis Scott
",2019
962,"
65
","
Con Calma
","
Daddy Yankee & Katy Perry Featuring Snow
",2019
963,"
66
","
Murder On My Mind
","

YNW Melly

",2019
964,"
67
","
When The Party's Over
","

Billie Eilish

",2019
965,"
68
","
Act Up
","
City Girls
",2019
966,"
69
","
I Like It
","
Cardi B, Bad Bunny & J Balvin
",2019
967,"
70
","
Trampoline
","
SHAED
",2019
968,"
71
","
Leave Me Alone
","
Flipp Dinero
",2019
969,"
72
","
Breathin
","

Ariana Grande

",2019
970,"
73
","
Bury A Friend
","

Billie Eilish

",2019
971,"
74
","
Close Friends
","
Lil Baby
",2019
972,"
75
","
Baby Shark
","
Pinkfong
",2019
973,"
76
","
My Type
","
Saweetie
",2019
974,"
77
","
Worth It
","

YK Osiris

",2019
975,"
78
","
Only Human
","

Jonas Brothers

",2019
976,"
79
","
Knockin' Boots
","

Luke Bryan

",2019
977,"
 80
","
Trip
","

Ella Mai

",2019
978,"
81
","
Rumor
","

Lee Brice

",2019
979,"
82
","
Swervin
","
A Boogie Wit da Hoodie Featuring 6ix9ine
",2019
980,"
83
","
How Do You Sleep?
","

Sam Smith

",2019
981,"
84
","
Baby
","
Lil Baby & DaBaby
",2019
982,"
85
","
Look What God Gave Her
","

Thomas Rhett

",2019
983,"
86
","
Good As You
","

Kane Brown

",2019
984,"
87
","
Clout
","
Offset Featuring Cardi B
",2019
985,"
88
","
Love Lies
","
Khalid & Normani
",2019
986,"
89
","
One Thing Right
","
Marshmello & Kane Brown
",2019
987,"
90
","
Cash Shit
","
Megan Thee Stallion Featuring DaBaby
",2019
988,"
91
","
Tequila
","

Dan + Shay

",2019
989,"
92
","
Shotta Flow
","

NLE Choppa

",2019
990,"
93
","
Hot Girl Summer
","
Megan Thee Stallion, Nicki Minaj & Ty Dolla $ign
",2019
991,"
94
","
Talk You Out Of It
","

Florida Georgia Line

",2019
992,"
95
","
Beautiful
","
Bazzi Featuring Camila Cabello
",2019
993,"
96
","
Eyes On You
","

Chase Rice

",2019
994,"
97
","
All To Myself
","

Dan + Shay

",2019
995,"
98
","
Boyfriend
","
Ariana Grande & Social House
",2019
996,"
99
","
Walk Me Home
","

P!nk

",2019
997,"
100
","
Robbery
","

Juice WRLD

",2019
